<?xml version="1.0" encoding="UTF-8" standalone="no"?>
<Entities>
    <ExtensionPackages>
        <ExtensionPackage dependsOn="" description="" minimumThingWorxVersion="8.3.0" name="Notificationtoast" packageVersion="1.0.23" vendor="IoT Centre Lab"></ExtensionPackage>
    </ExtensionPackages>
    <Widgets>
        <Widget name="Notificationtoast">
            <UIResources>
                <FileResource description="" file="Notificationtoast.ide.js" isDevelopment="true" isRuntime="false" type="JS" />
                <FileResource description="" file="Notificationtoast.ide.css" isDevelopment="true" isRuntime="false" type="CSS" />
                <FileResource description="" file="Notificationtoast.runtime.js" isDevelopment="false" isRuntime="true" type="JS" />
                <FileResource description="" file="Notificationtoast.runtime.css" isDevelopment="false" isRuntime="true" type="CSS" />
                <FileResource description="" file="d3.min.js" isDevelopment="true" isRuntime="true" type="JS" />
                <FileResource description="" file="mqtt.js" isDevelopment="true" isRuntime="true" type="JS" />
                <FileResource description="" file="firebase-app.js" isDevelopment="true" isRuntime="true" type="JS" />
                <FileResource description="" file="firebase-messaging.js" isDevelopment="true" isRuntime="true" type="JS" />

                <FileResource description="" file="socket.io.min.js" isDevelopment="true" isRuntime="true" type="JS" />
                <FileResource description="" file="toastify.js" isDevelopment="true" isRuntime="true" type="JS" />
                <FileResource description="" file="toastify.min.css" isDevelopment="true" isRuntime="true" type="CSS" />





               
                   
            </UIResources>
        </Widget>
    </Widgets>
</Entities>